brand;type;model;cubic_capacity;max_power;max_torque;seats;weight;max_engine_speed;seconds_to_100;top_speed;sports_car;tau
Austin;Rovermini;Ehlemayair;998;31;67;4;620;5000;19.5;129;0;23.33892191
Citroen;Visa;Baseclub;652;25;49;5;755;5500;26.2;125;0;34.13031837
Citroen;2CV;Specialton;602;21;39;4;585;5750;NA;115;0;28.64862971
Fiat;Panda;34;850;25;60;5;680;5250;32.3;125;0;32.84695632
Opel;Ascona2;LS1.6D;1598;41;96;5;1015;4600;21;143;0;35.00643433
Renault;R4;Berlinetl;845;21;56;4;695;4500;NA;115;0;37.04655656
Renault;R5;C;956;31;65;5;695;5750;19.3;137;0;27.88104718
Volkswagen;Golfdiesel;C/CL/GL;1588;40;100;5;900;4500;18.7;148;0;31.76630052
Volvo;300;34OBasesel;1596;40;100;5;1030;4800;20;140;0;36.40046677
Wartburg;Berline;WWLSSL;992;37;98;5;920;4250;NA;130;0;31.20940715
Daihatsu;Charade;TSDT;993;37;91;5;705;4800;NA;150;0;23.92192931
Ford;Escort;Custom;1117;37;83;5;790;5000;17.2;144;0;27.60642426
Innocenti;S;SLSE;993;38;75;5;670;5600;17.4;145;0;22.13604433
Lada;1200;Economyn;1198;44;87;5;970;5600;NA;140;0;29.0071299
Peugeot;205;XE1.0;954;33;69;5;785;6000;18.8;134;0;29.56747975
Skoda;Type 130;LLXGLS;1289;43;103;5;885;5000;15;150;0;27.58097039
Talbot;Samba;Lssympahia;1124;37;82;4;740;4800;18.2;143;0;24.04305962
Volkswagen;Jetta;C/C/GL;1595;55;125;5;900;5000;17.2;149;0;23.12818163
Volkswagen;Passatvant;C/CL;1297;44;100;5;985;5600;17.5;148;0;30.04623403
Volkswagen;Polo;CoachC/CL;1043;33;74;5;730;5600;19.5;142;0;28.11586795
Audi;80;Base;1588;40;100;5;980;4800;15.5;151;0;34.58997168
Ford;Sierra;Berline;1593;55;121;5;1030;4900;14.1;165;0;26.46061761
Mercedes;SerieW124;D25O;2437;66;154;5;1320;4600;16.2;175;0;31.42790093
Mitsubishi;Lancer;Break 18GLD;1796;60;108;5;1025;4500;NA;145;0;24.87257194
Nissan;Cherry;1.3DX1.SAR;1270;44;100;5;785;5600;14.4;155;0;23.81987116
Opel;Record;LSGLGLS3TD;2260;63;189;5;1245;4200;15;168;0;30.47385588
Rover;SD2;2400S;2393;68;193;5;1475;4200;16.1;165;0;33.93050159
Seat;Ibiza;1.2L;1193;46;88;5;900;5800;16;155;0;25.71676204
Toyota;Starlet;1000L;999;40;75;5;780;6000;NA;150;0;24.51870232
Zastava;Yugo;55L55GLS;1116;40;80;4;790;6000;NA;145;0;23.70016167
Fiat;Regata;70C;1301;50;100;5;890;5700;13.5;155;0;23.90896763
Lada;2105;GL;1452;55;106;5;1030;5600;NA;148;0;25.85459189
Lancia;Prisma;Turbodisel;1929;59;172;5;1015;4200;16;158;0;25.49873204
Mazda;323;1300LX;1296;50;95;5;865;6000;12.4;147;0;23.21500872
Opel;Corsa2;GLS1.3SB;1297;51;101;5;805;5800;13;163;0;21.18518183
Subaru;Coupe;1.6GL;1595;54;137;5;990;5200;NA;160;0;25.91212942
Suzuki;Swift;1.3GA1.3GL;1324;50;104;5;700;5300;11.7;163;0;18.8873718
Toyota;Cressida;StationLTD;2466;63;188;5;1370;5600;14.2;155;0;34.27281552
Toyota;Tercel;Station4WD;1452;52;108;5;1000;5600;15.5;155;0;26.54971161
Volkswagen;Scirocco;GT;1595;55;125;5;875;5000;12.2;167;0;22.48573214
Alfa Romeo;33;1.3L;1350;58;111;5;890;6000;NA;167;0;20.80256812
Ford;Fiesta;SGHIA;1296;51;100;5;775;6000;12.2;163;0;20.39173949
Ford;Sierra;BerlineL;1796;66;137;5;1060;5400;11.8;178;0;23.38352661
Honda;Civic;1.3DX;1342;52;105;5;777;6000;11.5;157;0;20.22680566
Mazda;929;2000Estate;1970;66;154;6;1185;5000;11.4;157;0;28.42864875
Mercedes;SerieW124;300D;2996;80;185;5;1370;4600;13.7;190;0;28.33593385
Mitsubishi;Colt;1500GLX;1468;55;118;5;820;5500;12.7;160;0;20.63973773
Peugeot;305;GL;1472;54;116;5;995;6000;13.2;156;0;25.52570648
Toyota;Corolladan;Stop;1295;55;107;5;965;6000;14.1;160;0;23.53984308
Volvo;760;GLEDT;2383;80;190;5;1375;4800;12.5;175;0;26.85747742
BMW;Serie3;316;1766;66;140;5;990;5500;12.2;175;0;21.74755468
Citroen;CXBerlines;20RE;1995;77;163;5;1235;5500;12.1;177;0;23.97361105
Honda;Accord;1.6LX;1588;65;122;5;1028;6000;11.9;176;0;22.32872269
Mercedes;SerieW124;200T;1997;80;170;5;1390;5200;13.6;180;0;25.97710962
Peugeot;205;GT;1360;59;110;5;820;5800;11.6;170;0;18.87635192
SAAB;90;GL;1985;73;162;5;1115;5200;14;165;0;22.80151126
Seat;Malaga;1.5GLGLXS;1461;67;116;5;975;5600;13;165;0;20.1216627
Volvo;240;DL;1986;74;160;5;1230;5400;13.3;165;0;24.81645255
Volvo;740;BreakGLETD;2383;80;205;7;1390;4800;13.5;175;0;30.37292842
Bertone;Xl/9;1.5;1498;63;118;2;920;6000;11.7;180;1;14.97097411
Audi;100;Base;1994;85;170;5;1250;5200;10.7;190;0;21.97828867
BMW;Serie5;5181;1766;77;145;5;1140;5800;12.6;175;0;21.4651189
Mercedes;SerieW201;190;1997;77;170;5;1080;5500;12.4;185;0;20.97002963
Opel;Manta;GS1;1979;81;162;5;1065;5400;10;192;0;19.61315836
Renault;R25;GTX;2165;90;181;5;1285;5250;10.3;195;0;21.78194168
Saab;900;GLI;1985;87;167;5;1140;5250;12;175;0;19.56127795
Volkswagen;Passatvant;GT;1994;85;165;5;1105;5400;10.8;182;0;19.42880719
Ford;Fiesta;XR2;1597;71;132;5;850;6000;9.9;180;1;16.92615461
Lancia;Y10;Turbo;1049;62;123;5;790;5750;9.6;180;1;16.21812978
Volkswagen;Sicrocco;GT-GTX;1781;82;153;5;920;5200;9.1;191;1;16.30089509
Alfa Romeo;75;1.8;1779;88;167;5;1060;5300;9.5;190;0;17.49599628
Jaguar;Serie3;X163.4;3442;129;255;5;1770;5250;9.8;188;0;23.50486548
Mercedes;SerieW124;230E;2299;100;205;5;1280;5100;10.4;203;0;19.82285527
Mercedes;SerieW201;190E;1997;90;178;5;1100;5100;10.5;195;0;18.27326656
Peugeot;5O5Berlines;GT1;2165;90;189;5;1280;5750;10;183;0;21.69718705
Volvo;740;BreakGLE;2316;96;190;5;1360;5400;10.5;182;0;21.97980381
Citroen;Visa;GTI;1580;76;134;5;870;6250;9.1;188;1;16.14140854
Fiat;Ritmo;105TC;1585;77;133;5;905;6100;9.5;180;1;16.58580932
Fiat;Uno;Turbo;1301;77;147;5;845;5750;8.3;200;1;14.74031639
Peugeot;205;GTI;1580;76;132;5;855;6250;9.5;190;1;15.86310839
Bitter;SC;Coupe;2968;132;248;4;1560;5800;9.6;215;0;18.11068184
BMW;Serie7;7281;2788;135;240;5;1510;5800;9.5;201;0;18.17765551
Citroen;CXBerlines;25GTITurbo;2500;122;290;5;1385;5000;8;220;0;17.95338906
Volvo;760;Gleautoque;2849;115;235;5;1305;5700;10.5;185;0;18.54203008
Morgan;Plus8;2.0LCarbu;3528;116;267;2;940;5250;NA;200;1;10.29145635
Porsche;924;S;2479;110;195;4;1190;5800;8.5;215;1;15.84862421
Porsche;944;B;2479;116;205;4;1210;5800;8.4;220;1;15.2814538
Renault;Alpine;V6;2849;118;221;4;1140;5750;8;235;1;14.65426754
TVR;2801;Convertible;2792;110;221;2;1130;5700;7.8;214;1;12.30522162
Volkswagen;Golfbernes;GTI 16V;1781;102;168;5;960;6100;8.5;208;1;13.67440816
Maserati;Quattro;Porte;4930;205;392;5;1940;5600;NA;230;0;17.73499606
BMW;Serie5;5281;2788;135;240;5;1300;5800;8.4;215;1;15.64963719
De Tomaso;Longchamps;LC;5763;206;441;5;1700;5600;7;240;1;16.08108522
Ferrari;328GTD;3186;3186;199;304;2;1375;7000;NA;260;1;8.554327885
Jaguar;Serie3;XJSV12Cupe;5345;217;432;4;1755;5500;7.6;241;1;14.35729005
Lamborghini;Countachs;Quattroole;4754;335;500;2;1490;7000;4.8;298;1;6.085987888
Lotus;Esprit;S3;2174;115;217;2;1100;6500;7.2;222;1;10.76303017
Mercedes;Classe;560SEL;5547;220;455;5;1810;5000;7.2;245;1;15.87968682
Porsche;911Carrera;Turbo;3299;211;430;4;1335;5500;5.4;260;1;9.955487907
Renault;Alpine;V6Turbo;2458;147;285;4;1210;5750;7;250;1;12.03321469
Audi;100;4A/C4;1984;85;168;5;1349;5400;13.1;179;0;23.68917512
Audi;100;4A/C4;1984;74;157;5;1335;5500;13.1;175;0;26.92814644
Audi;100;4A/C4;1984;85;168;5;1333;5400;11.5;184;0;23.4082064
Audi;100;4A/C4;2309;98;186;5;1393;5500;12.2;189;0;22.03700253
Audi;100;4A/C4;2309;98;186;5;1379;5500;10.5;194;0;21.81552512
Audi;100;4A/C4;2598;110;225;5;1470;5750;11.3;200;0;21.33810922
Audi;100;4A/C4;2598;110;225;5;1450;5750;9.8;203;0;21.04779481
Audi;100;4A/C4;2771;128;250;5;1429;5500;9.5;207;0;18.1156069
Audi;100;4A/C4;2771;128;250;5;1413;5500;8.3;212;0;17.91277295
Audi;100;4A/C4;1984;85;168;5;1313;5400;12.6;188;0;23.0569955
Audi;100;4A/C4;1984;74;157;5;1282;5500;12.6;182;0;25.85908895
Audi;100;4A/C4;1984;85;168;5;1297;5400;11;191;0;22.77602679
Audi;100;4A/C4;2309;98;186;5;1367;5500;11.9;199;0;21.62568734
Audi;100;4A/C4;2309;98;186;5;1342;5500;10.2;202;0;21.23019196
Audi;100;4A/C4;2598;110;225;5;1412;5750;11;207;0;20.49619743
Audi;100;4A/C4;2598;110;225;5;1416;5750;9.5;210;0;20.55426031
Audi;100;4A/C4;2771;128;250;5;1397;5500;9.2;216;0;17.70993901
Audi;100;4A/C4;2771;128;250;5;1372;5500;8;218;0;17.39301096
Audi;100;S2;1588;63;124;5;1110;5600;16.3;156;0;24.87519829
Audi;100;S2;1588;63;124;5;1110;5600;13.4;160;0;24.87519829
Audi;100;S2;2144;85;166;5;1170;5500;12.9;175;0;20.94809954
Audi;100;S2;2144;100;185;5;1170;5700;11.4;185;0;17.80588461
Audi;100;S2;2144;85;166;5;1170;5500;11.2;179;0;20.94809954
Audi;100;S2;2144;100;185;5;1170;5700;9.5;190;0;17.80588461
Audi;100;S3;1781;55;138;5;1130;4600;15.7;163;0;29.85061144
Audi;100;S3;1781;66;145;5;1117;5200;13;173;0;24.58933111
Audi;100;S3;1781;66;150;5;1240;5200;13.4;174;0;27.29701931
Audi;100;S3;1994;85;170;5;1231;5200;13.5;184;0;21.64421869
Audi;100;S3;1994;85;170;5;1231;5200;11.2;188;0;21.64421869
Audi;100;S3;2226;101;188;5;1238;5700;11.8;196;0;18.83007537
Audi;100;S3;2226;101;188;5;1238;5700;10.2;199;0;18.83007537
Audi;100;S3;2226;121;240;5;1306;5500;9.2;212;1;16.58099522
Audi;100;S3;2226;121;240;5;1306;5500;8.2;213;1;16.58099522
Audi;100;S3;2309;100;190;5;1234;5600;11.7;196;0;19.13121888
Audi;100;S3;2309;100;190;5;1234;5600;10;199;0;19.13121888
Audi;100;S3;1781;55;138;5;1059;4600;14.9;165;0;27.97504205
Audi;100;S3;1781;66;145;5;1084;5200;12;176;0;23.86287817
Audi;100;S3;1781;66;150;5;1240;5200;12.9;176;0;27.29701931
Audi;100;S3;1921;74;150;5;1120;5600;14.1;173;0;22.40988571
Audi;100;S3;1921;74;150;5;1120;5600;12.2;176;0;22.40988571
Audi;100;S3;1994;85;170;5;1210;5200;12.6;186;0;21.27498344
Audi;100;S3;1994;85;170;5;1210;5200;10.7;190;0;21.27498344
Audi;100;S3;2144;100;180;5;1160;5700;13.3;193;0;17.65369756
Audi;100;S3;2144;100;180;5;1160;5700;10.3;200;0;17.65369756
Audi;100;S3;2226;101;188;5;1219;5700;9.7;202;0;18.54108391
Audi;100;S3;2226;121;240;5;1266;5500;8;216;1;16.07315463
Audi;100;S3;2309;100;190;5;1223;5600;11.5;198;0;18.96068127
Audi;100;S3;2309;100;190;5;1223;5600;9.8;201;0;18.96068127
Audi;100;S3 [Facelift];1994;85;172;5;1263;5400;12.8;184;0;22.20686288
Audi;100;S3 [Facelift];1994;85;172;5;1245;5400;10.9;188;0;21.89037552
Audi;100;S3 [Facelift];2226;121;240;5;1303;5500;9.4;209;1;16.54290718
Audi;100;S3 [Facelift];1994;85;172;5;1244;5400;12.6;186;0;21.87279289
Audi;100;S3 [Facelift];1994;85;172;5;1230;5400;10.7;190;0;21.62663606
Audi;200;44/44Q;2144;134;252;5;1449;5700;8.1;230;1;16.45664421
Audi;200;44/44Q;2226;147;270;5;1450;5800;8.2;213;1;15.15316859
Audi;200;44/44Q;2226;162;309;5;1450;5900;6.7;238;1;13.75009742
Audi;200;44/44Q;2144;134;252;5;1290;5700;8.9;223;1;14.65084267
Audi;200;44/44Q;2226;147;270;5;1410;5800;7.5;231;1;14.73515014
Audi;200;44/44Q;2226;162;309;5;1290;5900;6.6;242;1;12.23284529
Audi;200;44/44Q;2226;121;240;5;1300;5500;8;208;1;16.50481913
Audi;200;44/44Q;2226;147;270;5;1290;5800;8;222;1;13.48109481
Audi;80;8A/B3;1595;51;118;5;1025;5200;14;168;0;28.40634509
Audi;80;8A/B3;1781;65;142;5;1050;5200;12;182;0;23.47001785
Audi;80;8A/B3;1984;83;170;5;1080;5300;10;196;0;19.42238585
Audi;80;8A/B3;1984;101;181;5;1110;5800;9;208;1;16.40433084
Audi;80;8A/B3;1984;82;168;5;1080;5300;10;196;0;19.65924421
Audi;80;8A/B3;1984;82;170;5;1080;5300;10;196;0;19.65924421
Audi;80;B2;1272;43;95;5;890;5800;16.9;148;0;27.64488747
Audi;80;B2;1588;80;140;5;930;6100;10.2;180;1;16.4125886
Audi;80;B2;1588;54;119;5;930;5600;13.8;160;0;24.31494608
Audi;80;B2;1588;62;124;5;930;5600;12.1;165;0;21.17753368
Audi;80;B2;1781;65;145;5;950;5400;11;170;0;21.23477805
Audi;80;B2;1781;81;160;5;980;5800;9.2;187;0;17.57836728
Audi;80;B2;1921;83;154;5;1000;5900;13.5;175;0;17.83919474
Audi;80;B2;1897;83;154;5;1000;5900;10.3;181;0;17.78321331
Audi;80;B2;1994;83;165;5;1055;5400;12.2;178;0;18.99665578
Audi;80;B2;1994;83;165;5;1070;5400;10.3;184;0;19.26675041
Audi;80;B2;2144;99;176;5;1190;5900;9.1;193;0;18.29319061
Audi;90;89/B3;1994;85;172;5;1170;5400;10;196;0;20.5716782
Audi;90;89/B3;2226;100;189;5;1170;5700;9.2;206;0;17.97374804
Audi;90;89/B3;2309;123;216;5;1200;6000;8.6;220;1;15.1252867
Audi;90;89/B3;2309;98;186;5;1170;5500;9;206;0;18.50918375
Audi;90;89/B3;2309;100;189;5;1170;5500;9.2;206;0;18.13900007
Audi;Coupe;81/85;1781;66;145;5;980;5200;11;174;0;21.57345075
Audi;Coupe;81/85;1994;85;165;5;1050;5400;9.9;186;0;18.46176249
Audi;Coupe;81/85;2144;96;171;5;1137;5900;8.8;196;0;18.02465349
Audi;Coupe;81/85;2226;85;165;5;1060;5500;9.5;188;0;19.15753939
Audi;Coupe;81/85;2226;88;170;5;1200;5500;9.6;191;0;20.94842429
Audi;Quattro;85;2134;221;330;5;990;6600;7;250;1;6.809465474
Audi;Quattro;85;2144;147;285;5;1300;5500;7;220;1;13.45871852
Audi;Quattro;85;2226;162;309;5;1380;5900;6;230;1;13.08629962
Audi;S2;89/8B;2226;162;309;5;1444;5900;6.1;248;1;13.69320047
Audi;S2;89/8B;2226;169;350;5;1463;5900;5.9;248;1;13.29873736
Audi;S2;8C/B4;2226;169;350;5;1540;5900;6.1;242;1;13.9986709
Audi;S4;4A/C4;2226;169;350;5;1748;5900;8.6;230;1;15.88940048
Audi;S4;4A/C4;2226;169;350;5;1645;5900;7.1;235;1;14.95312574
Audi;S4;4A/C4;4172;206;400;5;1730;5800;6.6;247;1;15.09511602
Audi;S4;4A/C4;2226;169;350;5;1663;5900;8.3;239;1;15.11674657
Audi;S4;4A/C4;2226;169;350;5;1595;5900;6.8;244;1;14.49862344
Audi;S4;4A/C4;4172;206;400;5;1680;5800;6.2;249;1;14.65884099
Audi;V8;1 generation;3562;184;340;5;1710;5800;7.6;245;1;16.05732745
Ford;Escort;1 generation;1098;29;78;4;805;5300;22.7;128;0;33.1754351
Ford;Escort;1 generation;1098;32;77.5;4;785;6000;19.8;132;0;29.31827562
Ford;Escort;1 generation;1098;32;84;4;805;5300;22.4;129;0;30.06523806
Ford;Escort;1 generation;1098;35;73.5;4;785;6000;18.2;135;0;26.80528057
Ford;Escort;1 generation;1297;38;92;4;825;5000;21;130;0;27.05038844
Ford;Escort;1 generation;1297;41;91;4;805;5500;20.5;139;0;24.46330768
Ford;Escort;1 generation;1297;46;101;4;815;5800;14.8;147;0;22.07511278
Ford;Escort;1 generation;1297;52;92;4;815;6000;14.9;158;0;19.52798438
Ford;Escort;1 generation;1297;35;85;4;805;5000;19.2;134;0;28.65701757
Ford;Escort;1 generation;1297;38;92;4;805;5000;17.8;137;0;26.39462144
Ford;Escort;1 generation;1297;40;85;4;785;5500;20.2;141;0;24.45191173
Ford;Escort;1 generation;1297;41;91;4;785;5500;18.5;145;0;23.85552364
Ford;Escort;1 generation;1599;62;124.5;4;891;5500;11.1;167;0;18.86758392
Ford;Escort;1 generation;1558;77;140;4;785;5500;9.7;185;1;13.29808041
Ford;Escort;1 generation;1098;29;78;4;880;5300;27.1;125;0;36.26631415
Ford;Escort;1 generation;1098;32;77.5;4;880;6000;22.6;128;0;32.86634719
Ford;Escort;1 generation;1098;35;73.5;4;840;6000;19.6;134;0;28.68335755
Ford;Escort;1 generation;1297;38;82;4;870;5000;23;130;0;28.52586417
Ford;Escort;1 generation;1297;41;91;4;860;5500;19.4;136;0;26.13471379
Ford;Escort;1 generation;1297;35;85;4;880;5000;21.3;135;0;31.32692604
Ford;Escort;1 generation;1297;38;82;4;870;5000;18.5;137;0;28.52586417
Ford;Escort;2 generation;1098;30;70.5;5;835;5300;25;123;0;35.83334107
Ford;Escort;2 generation;1098;32;70.5;5;875;5500;25.2;127;0;35.20303904
Ford;Escort;2 generation;1098;35;73.5;5;875;5500;20.8;130;0;32.1856357
Ford;Escort;2 generation;1098;42;76.5;5;875;5700;17.4;140;0;26.82136308
Ford;Escort;2 generation;1298;42;91;5;905;5500;22.3;135;0;28.92607177
Ford;Escort;2 generation;1298;40;85.5;5;885;5500;19.4;137;0;29.70116265
Ford;Escort;2 generation;1298;42;91;5;885;5500;16.8;140;0;28.28682157
Ford;Escort;2 generation;1298;49;100;5;878;5000;16.5;145;0;24.054072
Ford;Escort;2 generation;1298;51;92;5;885;5500;14.9;150;0;23.29502953
Ford;Escort;2 generation;1599;62;125;5;945;5500;14.4;157;0;21.55627585
Ford;Escort;2 generation;1599;73;137;5;920;6000;12.8;164;0;17.82372943
Ford;Escort;2 generation;1599;62;125;5;925;5500;12.1;162;0;21.10005837
Ford;Escort;2 generation;1599;73;137;5;900;6000;10.7;167;0;17.43625705
Ford;Escort;2 generation;1593;70;125;5;905;5750;10.5;172;0;18.26736812
Ford;Escort;2 generation;1835;86;171;5;900;6000;8.7;185;1;15.31879389
Ford;Escort;2 generation;1993;81;161;5;925;5500;8.9;180;0;17.06495063
Ford;Escort;2 generation [Facelift];1098;34;70.5;5;875;5750;23.7;130;0;33.13227204
Ford;Escort;2 generation [Facelift];1098;37;73.5;5;875;5750;21.4;135;0;30.4458716
Ford;Escort;2 generation [Facelift];1298;44;92;5;905;5500;19.6;140;0;27.61125033
Ford;Escort;2 generation [Facelift];1298;44;92;5;885;5500;16.7;146;0;27.00105695
Ford;Escort;2 generation [Facelift];1298;54;98;5;885;5750;13.7;156;0;22.00086122
Ford;Escort;2 generation [Facelift];1599;46;110;5;945;5000;18.1;144;0;29.05411093
Ford;Escort;2 generation [Facelift];1599;63;125;5;945;5750;14.5;160;0;21.21411274
Ford;Escort;2 generation [Facelift];1599;46;110;5;925;5000;15.4;147;0;28.43920911
Ford;Escort;2 generation [Facelift];1599;63;125;5;925;5750;11.6;165;0;20.76513681
Ford;Escort;2 generation [Facelift];1993;64;140;5;945;5300;13.2;162;0;22.0648082
Ford;Escort;2 generation [Facelift];1993;70;148;5;975;5200;11;169;0;20.81396874
Ford;Escort;2 generation [Facelift];1599;46;110;5;950;5000;16;145;0;29.20783638
Ford;Escort;3 generation;1296;51;100;5;905;6000;14.2;155;0;23.81228934
Ford;Escort;3 generation;1597;58;125;5;915;5800;12.2;169;0;22.30441449
Ford;Escort;3 generation;1555;61;125;5;1000;4800;13.9;165;0;23.02365457
Ford;Escort;3 generation;1597;77;137;5;970;6000;9.9;186;0;17.81060761
Ford;Escort;3 generation;1117;37;83;5;830;5000;18.8;140;0;29.0042179
Ford;Escort;3 generation;1117;40;80;5;820;6000;16.6;140;0;26.50566178
Ford;Escort;3 generation;1117;40;82;5;820;5700;16.6;140;0;26.50566178
Ford;Escort;3 generation;1296;51;100;5;850;6000;13.3;154;0;22.36513364
Ford;Escort;3 generation;1597;58;125;5;880;5800;11.6;163;0;21.45124016
Ford;Escort;3 generation;1597;58;125;5;885;5800;11.7;162;0;21.57312221
Ford;Escort;3 generation;1597;58;125;5;920;5800;13.8;157;0;22.42629653
Ford;Escort;3 generation;1597;85;145;5;930;5750;9;188;1;15.46898255
Ford;Escort;3 generation;1597;97;180;5;950;6000;8.6;200;1;13.84680568
Ford;Escort;3 generation;1117;37;83;5;790;5000;17.2;142;0;27.60642426
Ford;Escort;3 generation;1117;37;83;5;790;5000;17;144;0;27.60642426
Ford;Escort;3 generation;1117;40;82;5;765;5700;15.8;146;0;24.727843
Ford;Escort;3 generation;1117;40;80;5;765;6000;15.8;146;0;24.727843
Ford;Escort;3 generation;1117;43;84;5;785;6000;14.9;149;0;23.60402098
Ford;Escort;3 generation;1117;43;82;5;815;5700;15.8;146;0;24.50608548
Ford;Escort;3 generation;1296;51;100;5;795;6000;12.8;157;0;20.91797793
Ford;Escort;3 generation;1341;46;103;5;830;5000;14.3;145;0;24.42018517
Ford;Escort;3 generation;1341;42;97;5;830;5000;14.2;145;0;26.74591709
Ford;Escort;3 generation;1555;48;105.9;5;860;4800;12.8;155;0;25.16293581
Ford;Escort;3 generation;1597;58;125;5;825;5800;11;167;0;20.11053765
Ford;Escort;3 generation;1597;71;132;5;895;6000;9.7;182;0;17.82224515
Ford;Escort;3 generation;1555;54;116.2;5;860;5200;12.3;169;0;22.36705405
Ford;Escort;3 generation;1555;61;125;5;936;4800;11;172;0;21.55014068
Ford;Escort;4 generation;1391;54;103;5;930;5600;14.3;165;0;23.52298701
Ford;Escort;4 generation;1392;55;109;5;925;5600;13.4;167;0;22.97525549
Ford;Escort;4 generation;1597;66;123;5;945;5800;11.7;178;0;20.24349989
Ford;Escort;4 generation;1597;66;133;5;935;5800;11.4;179;0;20.02928296
Ford;Escort;4 generation;1555;63;127;5;1000;5600;12.5;169;0;22.29274491
Ford;Escort;4 generation;1597;75;135;5;985;6000;11;182;0;18.56832349
Ford;Escort;4 generation;1597;77;138;5;980;6000;10.7;185;0;17.99422212
Ford;Escort;4 generation;1597;81;138;5;980;6000;10.7;185;0;17.10561856
Ford;Escort;4 generation;1597;66;123;5;985;5800;11.7;181;0;21.10036761
Ford;Escort;4 generation;1781;65;142;5;1060;5600;11.7;169;0;23.69354183
Ford;Escort;4 generation;1781;73;151;5;1060;5600;10.7;176;0;21.0969893
Ford;Escort;4 generation;1296;44;100;5;865;5000;15.4;157;0;26.38069172
Ford;Escort;4 generation;1296;44;97;5;865;5000;15.4;157;0;26.38069172
Ford;Escort;4 generation;1392;54;108;5;903;5500;12.9;165;0;22.84416545
Ford;Escort;4 generation;1392;54;103;5;930;5600;13.3;165;0;23.52721358
Ford;Escort;4 generation;1597;65;126;5;950;5800;11.2;177;0;20.66369463
Ford;Escort;4 generation;1597;97;180;5;965;5750;8.7;206;1;14.06543946
Ford;Escort;4 generation;997;37;72;5;885;5800;18.1;141;0;30.05985171
Ford;Escort;4 generation;1117;37;83;5;825;5000;18.2;145;0;28.82949369
Ford;Escort;4 generation;1297;44;100;5;845;5000;15.7;157;0;25.7757033
Ford;Escort;4 generation;1297;46;101;5;840;5000;15.4;157;0;24.50913285
Ford;Escort;4 generation;1392;55;109;5;861;5600;13.5;160;0;21.3856162
Ford;Escort;4 generation;1555;54;122;5;855;5000;12.8;159;0;22.23701304
Ford;Escort;4 generation;1555;54;124;5;855;5200;12.8;155;0;22.23701304
Ford;Escort;4 generation;1555;54;126;5;855;5000;12.2;161;0;22.23701304
Ford;Escort;4 generation;1555;55;129;5;855;5200;12.3;159;0;21.83270371
Ford;Escort;4 generation;1555;63;127;5;935;5600;11.6;177;0;20.84371649
Ford;Escort;4 generation;1597;75;135;5;955;6000;10.8;183;0;18.0027908
Ford;Escort;4 generation;1567;77;138;5;945;6000;10.5;185;0;17.26950264
Ford;Escort;4 generation;1567;66;123;5;950;5800;12.3;178;0;20.25435494
Ford;Escort;4 generation;1781;64;149;5;905;5400;10.3;175;0;20.54499702
Ford;Escort;4 generation;1781;71;156;5;905;5400;10.1;180;0;18.51943394
Ford;Escort;4 generation;1781;65;142;5;990;5600;10.9;178;0;22.12887397
Ford;Escort;4 generation;1781;73;151;5;990;5600;10;184;0;19.70379189
Ford;Escort;4 generation;1597;66;133;5;890;5800;12.5;174;0;19.06530677
Ford;Escort;4 generation;1555;54;124;5;920;5200;12.3;160;0;23.9275462
Ford;Escort;4 generation;1781;68;158;5;1020;5600;10.4;181;0;21.793588
Ford;Escort;4 generation;1781;71;143;5;977;5500;10.6;176;0;19.99280326
Ford;Escort;5 generation;1391;54;106;5;1105;5500;14;166;0;27.94935554
Ford;Escort;5 generation;1597;66;134;5;1175;5500;12.8;173;0;25.17048928
Ford;Escort;5 generation;1796;77;153;5;1200;5500;11;183;0;22.6902145
Ford;Escort;5 generation;1796;96;162;5;1205;6250;10;198;0;18.27527389
Ford;Escort;5 generation;1392;52;103;5;1095;5600;14.3;163;0;28.76683497
Ford;Escort;5 generation;1597;77;135;5;1046;6000;10.6;186;0;19.2060779
Ford;Escort;5 generation;1597;66;126;5;1032;5800;11.8;177;0;22.10718718
Ford;Escort;5 generation;1796;77;153;5;1087;5500;10.4;187;0;20.55355264
Ford;Escort;5 generation;1264;44;101;5;970;5000;18;153;0;29.39864567
Ford;Escort;5 generation;1597;66;134;5;1050;5500;12.6;177;0;22.49277765
Ford;Escort;5 generation;1392;52;106;5;946;5600;14.3;163;0;24.85244373
Ford;Escort;5 generation;1796;96;162;5;1086;6250;9.3;202;1;16.47049581
Ford;Escort;5 generation;1998;110;190;5;1096;6000;8.4;208;1;14.89835222
Ford;Explorer;1 generation;4015;118;305;4;1670;4500;11;145;0;23.38966551
Ford;Festiva;1 generation;1138;38;86;4;700;5500;15.2;143;0;22.21356018
Ford;Festiva;1 generation;1323;46;102;4;790;5500;13.9;155;0;21.50440252
Ford;Festiva;1 generation;1323;46;102;4;770;5500;12.7;158;0;20.95998726
Ford;Festiva;1 generation;1280;64;98;4;800;7000;10.3;176;1;15.523179
Ford;Fiesta;1 generation;957;29;64;4;715;5500;19.7;131;0;28.47109617
Ford;Fiesta;1 generation;957;32;65;4;730;5700;17.6;137;0;26.34323015
Ford;Fiesta;1 generation;1117;40;82;4;730;5700;16;145;0;21.90505369
Ford;Fiesta;1 generation;1117;38;80;4;715;5700;16.1;145;0;22.58415773
Ford;Fiesta;1 generation;1117;40;80;4;730;5700;16;145;0;21.90505369
Ford;Fiesta;1 generation;1117;51;92;4;735;6000;12;160;0;17.29810847
Ford;Fiesta;1 generation;1298;48;94;4;775;5600;12.3;158;0;20.12089516
Ford;Fiesta;1 generation;1298;54;100;4;775;6000;11.9;165;0;17.88524014
Ford;Fiesta;1 generation;1599;49;119;4;805;5000;12.2;158;0;21.56900326
Ford;Fiesta;1 generation;1599;49;119;4;805;5000;12.2;159;0;21.56900326
Ford;Fiesta;1 generation;1599;66;127;4;835;5600;10;172;1;16.61012175
Ford;Fiesta;1 generation;1599;73;142;4;830;5600;8.5;195;1;14.92744598
Ford;Fiesta;1 generation;1597;61;125;4;800;5500;10.1;170;0;17.21291963
Ford;Fiesta;2 generation;957;32;68;4;750;5750;19.8;137;0;27.06496248
Ford;Fiesta;2 generation;1117;35;82;4;770;4800;17.5;141;0;26.40609212
Ford;Fiesta;2 generation;1117;38;83;4;755;5000;16.5;145;0;23.84760712
Ford;Fiesta;2 generation;1117;38;83;4;755;5000;15.1;149;0;23.84760712
Ford;Fiesta;2 generation;1117;35;81;4;770;4800;17.4;141;0;26.40609212
Ford;Fiesta;2 generation;1296;50;100;4;790;6000;12.2;163;0;19.68232946
Ford;Fiesta;2 generation;1392;51;103;4;790;5500;13;161;0;19.64422428
Ford;Fiesta;2 generation;1392;53;108;4;800;5500;12.2;162;0;19.14221043
Ford;Fiesta;2 generation;1392;54;109;4;820;5600;12.1;165;0;19.25741818
Ford;Fiesta;2 generation;1392;54;109;4;800;5600;11.4;163;0;18.78772505
Ford;Fiesta;2 generation;1597;57;125;4;840;5800;11;160;0;19.341886
Ford;Fiesta;2 generation;1597;69;132;4;840;5750;10.3;180;1;15.97807974
Ford;Fiesta;2 generation;1597;70;132;4;840;5750;9.9;180;1;15.74982146
Ford;GT40;Mk III;4727;228;446;2;998;6000;5.7;246;1;5.980905257
Ford;Mustang;3 generation;2301;78;183;4;1340;4600;NA;165;0;24.70344435
Ford;Mustang;3 generation;4942;168;407;4;1380;4200;NA;220;1;14.29926286
Ford;Mustang;3 generation;2302;65;160;4;1104;4800;NA;154;0;24.42587929
Ford;Mustang;3 generation;3273;63;209;4;1171;4800;NA;155;0;29.18912033
Ford;Probe;1 generation;2184;81;176;4;1240;4700;NA;190;0;21.72791155
Ford;Probe;1 generation;2184;108;258;4;1340;4300;8.6;220;0;17.61012186
Ford;Probe;1 generation;2986;103;224;4;1375;4800;NA;205;0;20.48830753
Ford;Scorpio;1 generation;1998;80;174;5;1255;5600;13.5;181;0;23.45708855
Ford;Scorpio;1 generation;1998;88;171;5;1280;5500;13;188;0;21.7494193
Ford;Scorpio;1 generation;1998;92;174;5;1265;5500;12.5;191;0;20.55999793
Ford;Scorpio;1 generation;1998;77;170;5;1235;5600;12.2;183;0;23.98261861
Ford;Scorpio;1 generation;1998;80;174;5;1235;5600;11.7;185;0;23.08327041
Ford;Scorpio;1 generation;1998;88;171;5;1260;5500;11.2;192;0;21.40958463
Ford;Scorpio;1 generation;1998;92;174;5;1245;5500;10.8;195;0;20.23493868
Ford;Scorpio;1 generation;2394;92;182;5;1325;5800;12.9;186;0;22.53100609
Ford;Scorpio;1 generation;2394;92;182;5;1295;5800;11;190;0;22.02087011
Ford;Scorpio;1 generation;2936;107;222;5;1385;5500;11.4;202;0;21.30965929
Ford;Scorpio;1 generation;2936;143;275;5;1385;5750;8.8;225;1;15.94498982
Ford;Scorpio;1 generation;2936;107;222;5;1345;5500;9.4;204;0;20.69421787
Ford;Scorpio;1 generation;2936;107;222;5;1375;5500;9.7;201;0;21.15579894
Ford;Scorpio;1 generation;1796;66;140;5;1180;5400;13.1;179;0;26.0307183
Ford;Scorpio;1 generation;1993;77;157;5;1205;5200;14.2;184;0;23.38539145
Ford;Scorpio;1 generation;1993;74;153;5;1215;5400;12;181;0;24.53538519
Ford;Scorpio;1 generation;1993;77;157;5;1185;5200;11.5;188;0;22.99725217
Ford;Scorpio;1 generation;1993;74;148;5;1250;5100;15.3;177;0;25.24216583
Ford;Scorpio;1 generation;1993;85;160;5;1220;5500;13.5;189;0;21.44811982
Ford;Scorpio;1 generation;1993;74;148;5;1230;5100;12.4;181;0;24.83829118
Ford;Scorpio;1 generation;1993;85;160;5;1200;5500;10.6;193;0;21.0965113
Ford;Scorpio;1 generation;2394;96;193;5;1285;5800;12.3;191;0;20.94037374
Ford;Scorpio;1 generation;2394;96;193;5;1265;5800;9.9;195;0;20.61445353
Ford;Scorpio;1 generation;2792;110;216;5;1345;5800;11.7;205;0;19.87833248
Ford;Scorpio;1 generation;2792;110;216;5;1310;5800;9.6;208;0;19.36105245
Ford;Scorpio;1 generation;2792;110;216;5;1385;5800;9.9;203;0;20.46950965
Ford;Scorpio;1 generation;2936;110;233;5;1355;5700;11;204;0;20.27949427
Ford;Scorpio;1 generation;2936;110;233;5;1315;5700;9;208;0;19.68083762
Ford;Scorpio;1 generation;2936;110;233;5;1345;5700;9.5;203;0;20.12983011
Ford;Scorpio;1 generation [Facelift];1998;85;171;5;1280;5500;13;188;0;22.51704587
Ford;Scorpio;1 generation [Facelift];1998;85;171;5;1260;5500;11.2;192;0;22.16521702
Ford;Scorpio;1 generation [Facelift];2936;107;222;5;1385;5500;11.1;200;0;21.30965929
Ford;Scorpio;1 generation [Facelift];1998;85;171;5;1330;5500;14.2;182;0;23.39661797
Ford;Scorpio;1 generation [Facelift];1998;88;171;5;1330;5500;14.2;182;0;22.59900599
Ford;Scorpio;1 generation [Facelift];1998;85;171;5;1320;5500;12.2;185;0;23.22070355
Ford;Scorpio;1 generation [Facelift];1998;88;171;5;1320;5500;12.2;185;0;22.42908866
Ford;Scorpio;1 generation [Facelift];2394;92;182;5;1355;5800;11.2;185;0;23.04114208
Ford;Scorpio;1 generation [Facelift];2936;107;222;5;1415;5500;11.3;198;0;21.77124036
Ford;Scorpio;1 generation [Facelift];2936;143;275;5;1515;5750;9.3;212;0;17.44163146
Ford;Scorpio;1 generation [Facelift];2936;107;222;5;1435;5500;9.9;196;0;22.07896107
Ford;Sierra;1 generation;1597;55;123;5;1015;4900;13.5;162;0;26.09162208
Ford;Sierra;1 generation;1796;66;140;5;1090;5400;11.4;175;0;24.04532454
Ford;Sierra;1 generation;1796;66;140;5;1110;5400;14.3;172;0;24.48652315
Ford;Sierra;1 generation;1993;77;157;5;1105;5200;10.2;183;0;21.44469506
Ford;Sierra;1 generation;1993;85;160;5;1185;5500;12.3;183;0;20.83280491
Ford;Sierra;1 generation;1993;85;160;5;1185;5500;9.6;187;0;20.83280491
Ford;Sierra;1 generation;2294;84;177;5;1210;5300;12.8;184;0;22.29594761
Ford;Sierra;1 generation;2294;84;177;5;1205;5300;10.6;187;0;22.20381559
Ford;Sierra;1 generation;2792;110;216;5;1300;5700;9.2;196;0;19.21325816
Ford;Sierra;1 generation;1993;150;276;4;1205;6000;6.1;240;1;11.14399151
Ford;Sierra;1 generation;1294;44;99;5;982;5700;16.7;152;0;29.93738607
Ford;Sierra;1 generation;1593;55;123;5;1015;4900;13.2;166;0;26.07526881
Ford;Sierra;1 generation;1597;55;123;5;1035;4900;13.3;166;0;26.60574271
Ford;Sierra;1 generation;1796;66;140;5;1050;5400;11;177;0;23.1629273
Ford;Sierra;1 generation;1993;77;157;5;1095;5200;9.8;187;0;21.25062542
Ford;Sierra;1 generation;1993;85;160;5;1145;5500;9.4;190;0;20.12958786
Ford;Sierra;1 generation;2294;84;177;5;1195;5300;10.3;190;0;22.01955156
Ford;Sierra;1 generation [Facelift];1597;53;119;5;1030;4900;15.7;163;0;27.47635265
Ford;Sierra;1 generation [Facelift];1597;59;119;5;1060;5500;14.6;167;0;25.40104479
Ford;Sierra;1 generation [Facelift];1769;64;120;5;1085;5250;14.9;167;0;24.58969942
Ford;Sierra;1 generation [Facelift];1769;66;140;5;1075;5250;13.7;172;0;23.62479151
Ford;Sierra;1 generation [Facelift];1769;64;120;5;1045;5250;14.1;166;0;23.68316672
Ford;Sierra;1 generation [Facelift];1769;66;140;5;1065;5250;12.4;175;0;23.40502601
Ford;Sierra;1 generation [Facelift];1997;74;153;5;1090;5100;14.1;175;0;22.02220454
Ford;Sierra;1 generation [Facelift];1998;88;171;5;1195;5600;12.2;184;0;20.30512193
Ford;Sierra;1 generation [Facelift];1998;74;153;5;1070;5100;11.1;178;0;21.62083321
Ford;Sierra;1 generation [Facelift];1998;77;166;5;1090;5500;11.4;180;0;21.16684557
Ford;Sierra;1 generation [Facelift];1998;80;166;5;1100;5600;10.8;180;0;20.55999793
Ford;Sierra;1 generation [Facelift];2933;107;229;5;1270;5500;9.2;203;0;19.53527173
Ford;Sierra;1 generation [Facelift];1597;55;123;5;1025;4900;14.2;165;0;26.34868239
Ford;Sierra;1 generation [Facelift];1769;64;120;5;1065;5250;14.6;169;0;24.13643307
Ford;Sierra;1 generation [Facelift];1769;66;140;5;1045;5250;11.9;178;0;22.965495
Ford;Sierra;1 generation [Facelift];1998;77;166;5;1070;5500;13.4;178;0;20.77846308
Ford;Sierra;1 generation [Facelift];1998;88;171;5;1195;5600;11.7;187;0;20.30512193
Ford;Sierra;1 generation [Facelift];1993;150;277;5;1250;6000;6.1;240;1;12.45280181
Ford;Sierra;1 generation [Facelift];1993;162;277;5;1210;6000;5.8;248;1;11.16140014
Ford;Sierra;1 generation [Facelift];1998;77;166;5;1060;5500;10.8;183;0;20.58427184
Ford;Sierra;1 generation [Facelift];1998;80;166;5;1090;5600;10.5;183;0;20.37308886
Ford;Sierra;1 generation [Facelift];1998;88;171;5;1180;5600;10;190;0;20.05024592
Ford;Sierra;1 generation [Facelift];1997;74;153;4;1070;5100;13.4;178;0;20.06849174
Ford;Sierra;1 generation [Facelift];2933;107;229;4;1265;5500;8.1;205;0;18.06354243
Ford;Sierra;1 generation [Facelift];2933;107;229;4;1225;5500;8.2;206;0;17.49236322
Ford;Sierra;1 generation [Facelift];2933;110;232;4;1250;5700;8;208;0;17.36254976
Ford;Taurus;1 generation;2496;77;190;5;1480;4400;11.5;170;0;30.38460767
Ford;Taurus;1 generation;2496;66;176;5;1420;4400;12.3;170;0;34.01159912
Ford;Taurus;1 generation;2982;103;217;5;1481;4800;NA;175;0;23.76381929
Ford;Taurus;1 generation;3797;103;292;5;1495;3800;10.7;180;0;25.48212342
Ford;Taurus;1 generation;2496;77;190;5;1414;4400;10.9;165;0;29.02961841
Ford;Taurus;1 generation;2986;162;271;5;1520;6200;6.5;220;1;15.51216879
Ford;Taurus;1 generation;3797;103;292;5;1420;3800;9.2;185;0;24.20375602
Ford;Taurus;2 generation;2986;162;292;5;1550;6200;6.7;220;1;15.81833002
Ford;Tempo;1 generation;2307;75;176;5;1180;4400;NA;160;0;24.38676201
Ford;Tempo;1 generation;2307;73;168;5;1145;4400;NA;165;0;24.31173889
Ford;Tempo;1 generation;2986;97;204;5;1160;4800;NA;170;0;19.77107135
Ford;Thunderbird;9 generation;2301;107;244;5;1360;4600;10.2;195;0;19.68818959
Ford;Thunderbird;9 generation;2301;107;244;5;1360;4600;9;206;0;19.68818959
Ford;Thunderbird;9 generation;2301;114;258;5;1395;4600;8.9;216;0;18.95483501
Ford;Thunderbird;9 generation;3797;82;237;5;1395;4000;13.6;184;0;29.86702752
Ford;Thunderbird;9 generation;3797;88;278;5;1378;3600;11.7;190;0;27.49148453
Ford;Thunderbird;9 generation;3797;82;237;5;1395;4000;12.4;178;0;29.86702752
Ford;Thunderbird;9 generation;3797;88;278;5;1378;3600;11;187;0;27.49148453
Ford;Thunderbird;9 generation;4942;96;325;5;1410;3200;10.2;195;0;27.5419739
Ford;Thunderbird;9 generation;4942;103;339;5;1464;3200;9.8;202;0;26.6533029
Ford;Thunderbird;9 generation;4942;110;366;5;1475;3400;9.5;200;0;25.14470345
Ford;Thunderbird;9 generation [Facelift];3797;103;292;4;1458;3800;10.1;192;0;23.07005386
Ford;Thunderbird;9 generation [Facelift];4942;114;359;4;1517;3400;9.6;200;0;23.16458769
Ford;Thunderbird;9 generation [Facelift];2301;110;271;4;1533;4400;9.7;177;0;20.03995695
Ford;Thunderbird;9 generation [Facelift];2301;140;326;4;1533;4400;7.8;232;1;15.74568046
